Top queries,Clicks,Impressions,CTR,Position
best running shoes for flat feet,2140,9800,21.84%,2.1
how to clean white sneakers,96,12400,0.77%,5.3
running shoes vs walking shoes,310,8900,3.48%,7.8
marathon training plan for beginners,120,15600,0.77%,11.4
trail running shoes waterproof,45,3900,1.15%,9.2
how long do running shoes last,88,6100,1.44%,13.7
best insoles for running,30,4200,0.71%,16.9
barefoot running benefits,12,2100,0.57%,18.5
running shoe size guide,5,650,0.77%,24.8
sneaker cleaning kit,3,90,3.33%,8.1
couch to 5k app,54,2800,1.93%,6.4
